Categoria_bebida,Bebida,Tamaño,Tipo_de_Leche,Calories (Cal),Total Fat (g),Trans Fat (g),Saturated Fat (g),Sodium (mg),Total Carbohydrates (g),Cholesterol (mg),Dietary Fibre (g),Sugars (g),Protein (g),Vitamin A (% DV),Vitamin C (% DV),Calcium (% DV),Iron (% DV),Caffeine (mg)
Coffee,Brewed Coffee,Tall,Sin Leche,4,0.1,0.0,0.0,0,10,0,0,0,0.5,0,0,0,0.0,260
Classic Espresso Drinks,Caffè Latte,Tall,Nonfat Milk,100,0.2,0.2,0.0,5,120,15,0,14,10.0,15,0,30,0.0,75
Classic Espresso Drinks,Caffè Latte,Tall,2% Milk,150,6,3.0,0.2,25,135,15,0,14,10.0,15,0,30,0.0,75
Classic Espresso Drinks,Caffè Latte,Tall,Soymilk,110,4.5,0.5,0.0,0,105,10,1,6,8.0,10,0,30,15.0,75
Classic Espresso Drinks,Caffè Mocha (Without Whipped Cream),Tall,Nonfat Milk,170,2,1.0,0.0,5,100,32,1,27,10.0,15,0,25,20.0,95
Classic Espresso Drinks,Caffè Mocha (Without Whipped Cream),Tall,2% Milk,200,6,3.5,0.1,20,115,32,1,26,10.0,15,0,25,20.0,95
Classic Espresso Drinks,Caffè Mocha (Without Whipped Cream),Tall,Soymilk,180,5,1.5,0.0,0,85,28,2,20,9.0,10,0,25,30.0,95
Classic Espresso Drinks,Vanilla Latte (Or Other Flavoured Latte),Tall,Nonfat Milk,150,0.2,0.1,0.0,5,110,28,0,27,9.0,15,0,30,0.0,75
Classic Espresso Drinks,Vanilla Latte (Or Other Flavoured Latte),Tall,2% Milk,200,5,2.5,0.2,20,125,28,0,27,9.0,15,0,30,0.0,75
Classic Espresso Drinks,Vanilla Latte (Or Other Flavoured Latte),Tall,Soymilk,160,4,0.5,0.0,0,95,23,1,20,7.0,10,0,30,15.0,75
Classic Espresso Drinks,Caffè Americano,Tall,Sin Leche,10,0,0.0,0.0,0,10,2,0,0,1.0,0,0,2,0.0,150
Classic Espresso Drinks,Cappuccino,Tall,Nonfat Milk,60,0.1,0.1,0.0,5,70,9,0,8,6.0,10,0,20,0.0,75
Classic Espresso Drinks,Cappuccino,Tall,2% Milk,90,3.5,1.5,0.1,15,80,9,0,8,6.0,10,0,20,0.0,75
Classic Espresso Drinks,Cappuccino,Tall,Soymilk,70,3,0.4,0.0,0,65,7,1,4,5.0,6,0,20,8.0,75
Classic Espresso Drinks,Skinny Latte (Any Flavour),Tall,Nonfat Milk,100,0.2,0.1,0.0,5,125,14,0,13,9.0,15,0,30,0.0,75
Signature Espresso Drinks,Caramel Macchiato,Tall,Nonfat Milk,140,1,0.5,0.0,5,105,25,0,24,8.0,15,0,25,0.0,75
Signature Espresso Drinks,Caramel Macchiato,Tall,2% Milk,180,5,3.0,0.1,20,115,25,0,23,8.0,15,0,25,0.0,75
Signature Espresso Drinks,Caramel Macchiato,Tall,Soymilk,150,4.5,1.0,0.0,0,90,21,1,17,7.0,10,0,25,10.0,75
Signature Espresso Drinks,White Chocolate Mocha (Without Whipped Cream),Tall,Nonfat Milk,270,4.5,3.5,0.0,5,190,47,0,45,12.0,15,2,35,0.0,75
Signature Espresso Drinks,White Chocolate Mocha (Without Whipped Cream),Tall,2% Milk,310,9,6.0,0.1,20,200,46,0,44,11.0,15,2,35,0.0,75
Signature Espresso Drinks,White Chocolate Mocha (Without Whipped Cream),Tall,Soymilk,280,8,3.5,0.0,0,170,42,1,39,10.0,10,2,35,10.0,75
Signature Espresso Drinks,Hot Chocolate (Without Whipped Cream),Tall,Nonfat Milk,190,2,1.0,0.0,5,110,37,1,32,11.0,15,0,30,20.0,20
Signature Espresso Drinks,Hot Chocolate (Without Whipped Cream),Tall,2% Milk,230,7,3.5,0.2,20,120,37,1,32,10.0,15,0,30,20.0,20
Signature Espresso Drinks,Hot Chocolate (Without Whipped Cream),Tall,Soymilk,200,6,1.5,0.0,0,95,32,2,25,9.0,10,0,30,30.0,20
Signature Espresso Drinks,Caramel Apple Spice (Without Whipped Cream),Tall,Sin Leche,210,0,0.0,0.0,0,15,53,0,49,0.0,0,0,0,0.0,0
Tazo® Tea Drinks,Tazo® Tea,Tall,Sin Leche,0,0,0.0,0.0,0,0,0,0,0,0.0,0,0,0,0.0,Varies
Tazo® Tea Drinks,Tazo® Chai Tea Latte,Tall,Nonfat Milk,160,0.2,0.1,0.0,5,80,34,0,32,6.0,10,0,20,2.0,70
Tazo® Tea Drinks,Tazo® Chai Tea Latte,Tall,2% Milk,190,3.5,1.5,0.1,15,90,34,0,32,6.0,10,0,20,2.0,70
Tazo® Tea Drinks,Tazo® Chai Tea Latte,Tall,Soymilk,160,2.5,0.3,0.0,0,70,31,1,28,5.0,6,0,20,10.0,70
Tazo® Tea Drinks,Tazo® Green Tea Latte,Tall,Nonfat Milk,210,0.4,0.2,0.0,5,125,42,1,41,11.0,20,10,35,4.0,55
Tazo® Tea Drinks,Tazo® Green Tea Latte,Tall,2% Milk,260,6,3.0,0.2,25,140,41,1,40,10.0,15,10,35,4.0,55
Tazo® Tea Drinks,Tazo® Green Tea Latte,Tall,Soymilk,230,4.5,0.5,0.0,0,110,36,2,33,9.0,10,10,35,15.0,55
Tazo® Tea Drinks,Tazo® Full-Leaf Tea Latte,Tall,Nonfat Milk,120,0.1,0.1,0.0,5,65,23,0,23,5.0,10,0,20,0.0,varies
Tazo® Tea Drinks,Tazo® Full-Leaf Tea Latte,Tall,2% Milk,140,3,1.5,0.1,15,75,23,0,23,5.0,8,0,15,0.0,varies
Tazo® Tea Drinks,Tazo® Full-Leaf Tea Latte,Tall,Soymilk,130,2.5,0.3,0.0,0,60,21,1,19,4.0,6,0,20,8.0,varies
Tazo® Tea Drinks,Tazo® Full-Leaf Red Tea Latte (Vanilla Rooibos),Tall,Nonfat Milk,120,0.1,0.1,0.0,5,65,23,0,23,5.0,10,0,20,0.0,0
Tazo® Tea Drinks,Tazo® Full-Leaf Red Tea Latte (Vanilla Rooibos),Tall,2% Milk,140,3,1.5,0.1,15,75,23,0,23,5.0,8,0,15,0.0,0
Tazo® Tea Drinks,Tazo® Full-Leaf Red Tea Latte (Vanilla Rooibos),Tall,Soymilk,130,2.5,0.3,0.0,0,60,21,1,19,4.0,6,0,20,8.0,0
Shaken Iced Beverages,Iced Brewed Coffee (With Classic Syrup),Tall,Sin Leche,60,0,0.0,0.0,0,4,15,0,15,0.2,0,0,0,0.0,120
Shaken Iced Beverages,Iced Brewed Coffee (With Milk & Classic Syrup),Tall,Nonfat Milk,80,0.1,0.0,0.0,0,25,18,0,18,2.0,2,0,6,0.0,90
Shaken Iced Beverages,Iced Brewed Coffee (With Milk & Classic Syrup),Tall,2% Milk,90,1,0.5,0.0,5,25,18,0,18,2.0,2,0,6,0.0,
Shaken Iced Beverages,Iced Brewed Coffee (With Milk & Classic Syrup),Tall,Soymilk,80,1,0.1,0.0,0,20,17,0,17,2.0,2,0,6,0.0,90
Shaken Iced Beverages,Shaken Iced Tazo® Tea (With Classic Syrup),Tall,Sin Leche,60,0,0.0,0.0,0,0,15,0,15,0.0,0,0,0,6.0,170
Shaken Iced Beverages,Shaken Iced Tazo® Tea Lemonade (With Classic Syrup),Tall,Sin Leche,100,0,0.0,0.0,0,0,25,0,24,0.1,0,10,0,0.0,Varies
Frappuccino® Blended Coffee,Coffee,Tall,Nonfat Milk,160,0.1,0.0,0.0,0,160,36,0,36,3.0,4,0,10,10.0,0
Frappuccino® Blended Coffee,Coffee,Tall,Whole Milk,180,2.5,1.5,0.1,10,160,36,0,36,3.0,4,0,8,0.0,70
Frappuccino® Blended Coffee,Coffee,Tall,Soymilk,160,1.5,0.2,0.0,0,150,35,0,34,2.0,4,0,10,0.0,70
Frappuccino® Blended Coffee,Mocha (Without Whipped Cream),Tall,Nonfat Milk,180,0.5,0.4,0.0,0,150,42,1,40,3.0,4,0,10,8.0,130
Frappuccino® Blended Coffee,Mocha (Without Whipped Cream),Tall,Whole Milk,200,3,2.0,0.1,10,160,42,1,40,3.0,4,0,8,6.0,70
Frappuccino® Blended Coffee,Mocha (Without Whipped Cream),Tall,Soymilk,180,2,0.5,0.0,0,150,40,1,38,3.0,4,0,10,10.0,70
Frappuccino® Blended Coffee,Caramel (Without Whipped Cream),Tall,Nonfat Milk,180,0.1,0.0,0.0,0,160,42,0,41,3.0,4,0,10,0.0,70
Frappuccino® Blended Coffee,Caramel (Without Whipped Cream),Tall,Whole Milk,200,2.5,1.5,0.1,10,160,42,0,41,3.0,4,0,8,0.0,70
Frappuccino® Blended Coffee,Caramel (Without Whipped Cream),Tall,Soymilk,180,1.5,0.2,0.0,0,150,40,0,39,2.0,4,0,10,4.0,70
Frappuccino® Blended Coffee,Java Chip (Without Whipped Cream),Tall,Nonfat Milk,220,3,2.0,0.0,0,170,47,1,44,4.0,4,0,10,20.0,75
Frappuccino® Blended Coffee,Java Chip (Without Whipped Cream),Tall,Whole Milk,240,5,3.5,0.1,10,170,47,1,44,4.0,4,0,8,20.0,75
Frappuccino® Blended Coffee,Java Chip (Without Whipped Cream),Tall,Soymilk,220,4,2.5,0.0,0,170,45,1,42,3.0,4,0,10,20.0,75
Frappuccino® Light Blended Coffee,Coffee,Tall,Nonfat Milk,90,0.1,0.0,0.0,0,160,20,0,19,3.0,4,0,10,0.0,70
Frappuccino® Light Blended Coffee,Mocha,Tall,Nonfat Milk,110,0.5,0.4,0.0,0,150,24,1,23,3.0,4,0,8,6.0,70
Frappuccino® Light Blended Coffee,Caramel,Tall,Nonfat Milk,100,0.1,0.0,0.0,0,140,23,0,23,3.0,4,0,8,0.0,65
Frappuccino® Light Blended Coffee,Java Chip,Tall,Nonfat Milk,150,3,2.0,0.0,0,170,30,1,27,4.0,4,0,10,20.0,70
Frappuccino® Blended Crème,Strawberries & Crème (Without Whipped Cream),Tall,Nonfat Milk,170,0.1,0.1,0.0,0,140,39,0,38,3.0,6,6,10,2.0,0
Frappuccino® Blended Crème,Strawberries & Crème (Without Whipped Cream),Tall,Whole Milk,190,3,1.5,0.1,10,140,38,0,37,3.0,4,6,10,2.0,0
Frappuccino® Blended Crème,Strawberries & Crème (Without Whipped Cream),Tall,Soymilk,170,1.5,0.2,0.0,0,135,37,1,35,3.0,4,6,10,6.0,0
Frappuccino® Blended Crème,Vanilla Bean (Without Whipped Cream),Tall,Nonfat Milk,170,0.1,0.1,0.0,0,160,39,0,38,4.0,6,0,10,0.0,0
Frappuccino® Blended Crème,Vanilla Bean (Without Whipped Cream),Tall,Whole Milk,200,3.5,2.0,0.1,10,160,39,0,38,3.0,6,0,10,0.0,0
Frappuccino® Blended Crème,Vanilla Bean (Without Whipped Cream),Tall,Soymilk,180,1.5,0.2,0.0,0,160,37,1,35,3.0,4,0,10,6.0,0
